x,y,group
7.7396,0.6206,background
4.3888,4.5826,background
8.586,1.2903,background
6.9737,1.5233,background
0.9418,6.3228,background
9.7562,3.9293,background
7.6114,9.2185,background
7.8606,3.1916,background
1.2811,7.2618,background
4.5039,4.611,background
3.708,6.5995,background
9.2676,5.997,background
6.4387,4.7278,background
8.2276,9.5006,background
4.4341,3.4271,background
2.2724,1.7724,background
5.5458,6.7809,background
0.6382,8.4601,background
8.2763,0.4025,background
6.3166,4.4963,background
7.5809,8.9249,background
3.5453,7.4962,background
9.707,9.9181,background
8.9312,5.3141,background
7.7838,6.6,background
1.9464,3.0248,background
4.6672,9.4754,background
0.438,3.6634,background
1.5429,7.3851,background
6.8305,4.0314,background
7.4476,5.6182,background
9.6751,7.1978,background
3.2583,5.0893,background
3.7046,9.0709,background
4.6956,4.193,background
1.8947,6.4707,background
1.2992,3.4236,background
4.757,4.0816,background
2.2691,4.4005,background
6.6981,1.2581,background
4.3715,0.9172,background
8.3268,6.6749,background
7.0027,6.5552,background
3.1237,6.6291,background
8.3226,0.1977,background
8.0476,3.2655,background
3.8748,1.9781,background
2.8833,7.7815,background
6.825,8.6063,background
1.3975,2.4668,background
1.9991,6.6785,background
0.0736,1.2936,background
7.8692,2.7515,background
6.6485,1.3865,background
7.0517,2.8352,background
7.8073,6.7474,background
4.5892,9.1033,background
5.6874,2.0252,background
1.398,5.4208,background
1.1453,7.0139,background
6.684,9.5292,background
4.711,6.1006,background
5.6524,2.5511,background
7.65,6.2548,background
6.3472,3.2049,background
5.5358,9.7613,background
5.5921,3.9968,background
3.0395,6.8543,background
0.3082,0.2323,background
4.3672,4.0006,background
2.1458,8.7511,background
4.0853,6.1023,background
8.534,4.4394,background
2.3394,9.3594,background
0.583,8.5398,background
2.8138,3.2222,background
2.9359,5.4455,background
6.6192,4.8982,background
5.5703,6.322,background
7.839,3.3411,background
6.6431,2.4421,background
4.0639,9.1267,background
8.1402,9.2387,background
1.6697,8.4332,background
0.2271,9.782,background
0.9005,7.4499,background
7.2236,7.6467,background
4.6188,7.6259,background
1.6127,4.8061,background
5.0104,4.5645,background
1.5231,2.4023,background
6.9632,6.4482,background
4.4616,2.8932,background
3.8102,2.5781,background
3.0151,5.8596,background
6.3028,4.0998,background
3.6181,2.1886,background
0.8765,8.1606,background
1.1801,8.6057,background
9.619,1.677,background
9.0858,0.0751,background
6.9971,3.3613,background
2.6587,7.9751,background
9.6918,8.3917,background
7.7875,1.3833,background
7.1689,7.7434,background
4.4936,1.157,background
2.7224,3.9006,background
0.9639,9.9861,background
9.026,1.9259,background
4.5578,1.5396,background
2.0236,4.228,background
3.0596,6.1967,background
5.7922,9.329,background
1.7677,9.8082,background
8.5661,0.6964,background
7.5852,1.38,background
7.1946,7.9074,background
4.3209,2.7063,background
6.2731,8.8485,background
5.841,6.6345,background
6.4985,1.1184,background
0.8444,8.3253,background
4.1581,1.7636,background
0.4161,4.235,background
4.9399,5.5218,background
3.2986,5.0077,background
1.4452,6.8616,background
1.034,6.5269,background
5.8764,9.9204,background
1.7059,9.9942,background
9.2512,5.1646,background
5.8106,0.952,background
3.4687,7.2784,background
5.9092,9.7666,background
0.228,3.1833,background
9.5856,4.6121,background
4.823,4.2478,background
7.8274,0.5142,background
0.8273,6.7226,background
4.8666,3.5334,background
4.9071,7.8746,background
9.3783,8.3212,background
5.7173,8.2123,background
4.7349,4.1667,background
2.6698,3.2155,background
3.3157,7.4882,background
5.2067,8.0139,background
4.3891,4.9126,background
0.2161,8.9303,background
8.2629,1.4391,background
8.9616,8.7907,background
1.4025,0.961,background
5.5404,1.5353,background
1.0858,5.3384,background
6.7224,0.6752,background
2.8123,0.5281,background
6.5942,0.0052,background
7.2699,4.3632,background
7.6865,7.7462,background
1.0774,0.3484,background
9.1601,6.5226,background
2.3021,8.2313,background
0.3741,1.68,background
5.5485,1.4686,background
3.7092,8.608,background
8.2979,8.2312,background
8.0825,5.3894,background
3.1714,8.192,background
9.529,0.9276,background
2.9092,3.9448,background
5.1506,7.378,background
2.5597,2.5745,background
9.3604,7.5233,background
1.6461,5.0418,background
0.4491,7.5027,background
4.351,4.6468,background
9.9238,3.679,background
8.9168,2.1919,background
7.4861,2.0838,background
8.9079,7.5149,background
8.9345,1.1891,background
5.1886,0.8598,background
3.1593,1.7629,background
7.7201,1.7535,background
6.6166,8.2311,background
3.7366,3.9851,background
0.9447,9.9039,background
7.4679,1.3721,background
2.6246,6.5354,background
9.3681,4.4873,background
2.4097,3.9292,background
1.2276,8.7508,background
8.3111,9.756,background
1.5328,8.7286,background
1.7927,1.923,background
5.9938,2.208,background
8.7456,6.5607,background
1.9643,2.8908,background
3.1032,7.3473,background
7.774,5.6642,background
9.7183,5.5091,background
5.0074,8.2855,background
1.439,7.1053,background
0.1394,0.2658,background
2.2966,0.4946,background
1.3182,6.0156,background
6.7766,4.8619,background
1.2183,2.6018,background
5.0633,4.1866,background
6.9426,7.5791,background
5.8112,8.2661,background
1.9978,5.6122,background
8.0412,3.8537,background
7.1541,2.707,background
7.3898,5.2192,background
1.3106,3.1475,background
1.2375,5.641,background
9.2756,6.7665,background
3.9758,0.6608,background
3.0095,0.0107,background
4.8858,2.1228,background
6.6286,8.9451,background
9.5562,6.4629,background
2.8645,1.7196,background
9.2481,8.9026,background
0.2486,4.6996,background
5.552,4.7609,background
6.3398,9.3554,background
1.059,0.5949,background
1.4034,2.1518,background
4.1911,5.8577,background
9.6623,1.9549,background
5.9604,6.7953,background
9.3302,2.1409,background
8.0436,0.9916,background
4.6738,2.0699,background
7.8476,4.2273,background
0.1784,1.7614,background
1.0914,1.3469,background
8.2943,8.6028,background
7.9682,3.204,background
2.3264,3.6076,background
5.3077,0.5527,background
6.0602,3.5737,background
8.6774,2.6481,background
6.0311,6.1049,background
4.1257,2.0539,background
3.7418,8.8837,background
4.2588,9.2967,background
6.5193,0.9983,background
8.6749,1.074,background
4.539,1.1533,background
2.4784,6.1957,background
2.3666,1.2197,background
7.4601,8.5238,background
8.1657,7.5427,background
1.0528,8.1981,background
0.6656,5.2606,background
5.9443,9.9668,background
1.4617,0.4418,background
8.2466,4.0126,background
3.1033,3.2394,background
1.4387,9.4865,background
9.2097,5.7686,background
1.6553,8.0619,background
2.8472,1.7034,background
1.5361,9.7863,background
1.1549,4.9864,background
0.2115,4.9367,background
0.554,9.7088,background
1.7464,3.8073,background
0.5338,3.9753,background
5.9114,5.8475,background
6.8071,1.2805,background
3.9363,3.2109,background
3.1799,1.9321,background
5.0453,1.0328,background
8.75,8.6614,background
8.5113,5.8933,background
0.4348,3.5867,background
1.815,4.0867,background
2.3674,4.3152,background
2.4939,6.3315,background
5.7123,9.2677,background
4.1626,9.3278,background
0.4925,3.9149,background
3.7361,3.2926,background
5.2375,4.5105,background
1.0167,5.6793,background
8.3346,4.6182,background
0.5196,6.5875,background
9.2484,5.544,background
0.9911,3.2072,background
8.4357,3.4573,background
9.0265,3.7859,background
9.7957,0.9464,background
8.0203,1.6606,background
7.7948,7.2311,background
6.4248,3.891,background
7.79,2.1454,background
1.3455,5.6267,background
5.3607,7.5554,background
5.1422,2.5742,background
8.5757,8.2679,background
4.628,9.275,background
3.8509,5.9739,background
6.3956,6.6895,background
2.6646,0.5258,background
1.3977,9.4552,background
4.7788,3.9248,background
4.1689,9.239,background
2.3257,5.7898,background
3.6751,0.0462,background
3.6639,0.3854,background
3.275,6.8042,background
3.7946,5.6267,background
6.8574,0.2653,background
2.9688,7.4346,background
9.4886,8.5215,background
9.1635,4.9642,background
4.8091,4.6576,background
3.2836,0.0547,background
5.3543,7.8665,background
8.4856,3.3072,background
6.5259,8.7876,background
8.0439,3.7306,background
5.3272,5.6508,background
6.3292,2.7034,background
2.8816,1.6059,background
7.3489,7.7491,background
2.024,4.9659,background
6.948,5.3649,background
8.6072,9.6542,background
1.321,9.6358,background
6.1438,8.5564,background
0.951,1.8761,background
7.2572,5.9427,background
0.8449,8.7815,background
9.3594,3.7446,background
1.3741,1.0111,background
9.5888,8.1096,background
8.0088,4.8176,background
5.9368,5.6439,background
7.8262,9.8214,background
7.9511,6.0721,background
9.4603,4.2498,background
2.5338,3.6998,background
5.9008,4.1762,background
0.9505,1.184,background
6.1617,7.9475,background
1.7129,8.3772,background
5.6495,2.844,background
5.7243,3.038,background
4.6599,8.7433,background
5.2263,0.2397,background
7.6392,5.2046,background
7.9924,4.6368,background
4.9215,6.9013,background
5.9959,1.6339,background
9.3124,6.6833,background
1.1973,3.7673,background
1.171,6.1871,background
0.8771,0.401,background
6.5786,4.6173,background
4.1861,5.2225,background
7.7432,2.1433,background
6.7123,1.3962,background
3.3364,1.8847,background
8.9837,3.4414,background
7.6253,0.9681,background
2.7053,9.4732,background
3.6419,4.0499,background
3.1444,8.0897,background
1.5761,9.7442,background
1.4778,0.8074,background
9.3613,6.5167,background
4.379,8.7141,background
3.8332,6.3423,background
7.2969,4.2903,background
5.5299,4.3108,background
9.3614,0.359,background
7.803,5.346,background
4.7937,9.9354,background
3.7636,9.5871,background
9.8663,0.404,background
7.1776,7.058,background
9.5119,3.0176,background
1.1848,9.0299,background
8.5053,0.4511,background
6.3707,9.3587,background
1.2192,8.3748,background
5.8826,1.175,background
6.861,0.5982,background
0.123,8.3471,background
4.5432,1.5576,background
8.254,5.349,background
2.9536,9.1574,background
4.5855,5.6745,background
4.4231,3.9723,background
3.0193,4.4502,background
9.1844,0.6312,background
7.8129,9.6875,background
1.1059,3.1065,background
9.9703,1.8936,background
8.792,2.8605,background
2.8391,9.6437,background
8.369,0.9429,background
1.0642,8.673,background
9.991,7.0784,background
6.6568,8.3002,background
6.5013,9.759,background
0.9044,8.4215,background
8.9703,9.4338,background
0.29,1.2694,background
2.4083,7.9579,background
1.4302,5.4568,background
7.7677,5.435,background
1.982,8.9892,background
9.1064,9.718,background
6.5627,7.0484,background
0.3616,4.8294,background
0.0543,4.564,background
0.5166,3.8634,background
6.0593,3.616,background
8.0148,3.9151,background
2.3855,0.8975,background
8.4941,0.7744,background
0.5723,7.7987,background
8.0096,4.4607,background
9.278,9.3068,background
7.7211,6.1222,background
6.9812,0.3518,background
8.3798,1.5752,background
0.4015,2.0582,background
2.0178,9.7574,background
1.2492,2.187,background
5.0453,5.1576,background
7.4519,9.3618,background
6.3001,9.7719,background
8.5113,2.3636,background
1.5521,0.4912,background
7.3462,1.536,background
1.9304,0.6333,background
2.7076,1.9512,background
7.099,5.6857,background
9.802,9.1245,background
6.1154,5.3722,background
0.545,6.2599,background
6.1631,2.0187,background
0.4235,8.0058,background
8.8415,6.1779,background
7.0958,8.6414,background
1.7313,9.4884,background
0.9172,3.479,background
1.8353,0.9058,background
9.8003,2.2593,background
4.5856,4.3784,background
7.8408,9.4569,background
6.3641,3.7831,background
5.7241,7.7077,background
1.4513,5.4048,background
9.4602,1.8281,background
3.0134,3.2073,background
5.7802,6.5319,background
6.9978,6.7285,background
6.4923,4.3476,background
9.4059,2.2865,background
1.4844,7.2191,background
5.0835,1.6887,background
4.0403,9.3667,background
4.7417,1.879,background
1.1922,1.0731,background
1.3409,4.9765,background
2.7808,5.1955,background
3.047,5.0819,background
4.279,4.3667,background
6.1099,9.9481,background
6.3463,4.8628,background
4.1181,4.7795,background
4.0878,4.2177,background
2.1763,0.6683,background
5.8831,5.9296,background
3.1704,2.2797,background
0.3606,6.3761,background
4.184,0.5083,background
4.7413,9.8139,background
2.2559,4.6901,background
5.7246,8.9676,background
5.6577,4.7556,background
7.02,0.6033,background
6.4795,8.2221,background
6.5243,6.4818,background
3.1621,7.8176,background
7.8743,4.2817,background
5.4914,6.3794,background
4.3142,8.5623,background
6.2601,6.3107,background
3.6066,3.4767,background
5.1274,6.6253,background
7.3671,6.7185,background
8.864,9.6059,background
9.2106,3.7091,background
5.0363,4.2508,background
5.2028,8.1212,background
7.9987,5.0576,background
3.1445,7.3657,background
8.3738,4.5971,background
4.9414,2.155,background
1.1586,7.452,background
0.7206,1.3116,background
8.4199,1.9858,background
0.5557,6.2682,background
2.8061,7.4727,background
3.3413,8.9469,background
1.7299,2.7259,background
3.1389,1.1072,background
7.4269,9.5605,background
0.1468,1.5442,background
8.2717,1.9767,background
8.5655,2.9133,background
3.7226,5.2939,background
1.5361,8.8283,background
6.0084,7.6055,background
1.1967,7.0816,background
3.6492,1.7518,background
9.5843,3.5768,background
9.9546,4.784,background
7.721,1.4743,background
3.1096,2.7343,background
6.8767,3.0833,background
7.0541,1.2728,background
3.8784,5.5024,background
6.4089,7.0503,background
0.1073,0.6993,background
2.0906,4.8112,background
5.2509,7.8221,background
1.6375,7.4799,background
1.6591,8.1507,background
8.363,4.4824,background
9.8913,8.2056,background
5.5597,2.4075,background
8.3907,3.6081,background
9.9032,1.7636,background
1.416,4.6748,background
4.4825,3.9206,background
3.9257,2.4093,background
0.8005,7.5178,background
7.5533,3.1385,background
4.3378,2.728,background
4.6933,1.3089,background
1.5067,4.3882,background
1.8093,3.0296,background
9.071,3.6927,background
0.4465,2.36,background
2.3285,7.6316,background
2.9206,9.3,background
4.902,4.9793,background
5.8645,6.43,background
4.9329,8.6717,background
0.8412,9.9883,background
2.4367,6.1352,background
8.4359,8.8978,background
6.3759,9.0861,background
6.4915,7.9145,background
6.702,4.6093,background
7.629,0.8115,background
0.5811,0.1581,background
3.6661,4.772,background
5.3953,4.9431,background
3.3846,4.0736,background
8.4448,5.6817,background
4.8257,5.5216,background
7.6863,8.3661,background
8.5202,1.0866,background
5.0479,2.2518,background
9.0955,7.93,background
5.8712,8.4784,background
8.5027,9.9482,background
3.4059,8.7291,background
4.9882,8.899,background
5.3141,3.1435,background
1.0498,4.0166,background
3.9855,2.6809,background
9.1734,6.063,background
6.3083,9.3881,background
1.7751,3.4464,background
3.3886,5.57,background
1.916,2.963,background
0.2482,1.698,background
9.2746,1.9519,background
4.4821,0.5795,background
3.0754,9.4929,background
5.9848,4.0288,background
0.0731,8.3412,background
2.7802,6.8133,background
7.0303,1.9192,background
6.3377,1.7546,background
9.8181,8.1199,background
6.2036,2.6471,background
4.7751,9.1329,background
7.6143,1.4006,background
9.0333,6.7771,background
7.207,8.1447,background
9.6321,2.3526,background
7.8201,2.7621,background
8.668,9.6452,background
1.141,2.646,background
7.3241,4.2996,background
4.4009,4.3252,background
5.531,2.5303,background
6.541,7.7579,background
9.6982,7.7185,background
9.8458,3.7832,background
2.8823,8.3513,background
7.3375,2.1307,background
7.4998,0.0431,background
3.4649,5.7117,background
1.2387,9.9408,background
0.4095,0.3864,background
7.7734,2.08,background
4.897,5.1891,background
9.8554,8.0994,background
4.6497,0.8904,background
9.7792,3.9523,background
4.1158,7.4708,background
7.9368,3.7154,background
0.8482,1.8884,background
5.5546,1.955,background
8.0206,4.1005,background
9.247,4.7942,background
8.2258,8.6181,background
0.3697,6.4225,background
3.727,6.904,background
0.487,9.8299,background
1.0928,4.1184,background
6.7531,4.0335,background
7.1326,9.2335,background
7.7372,2.4588,background
8.6546,7.2982,background
7.3943,7.5457,background
8.0087,0.9779,background
0.4896,4.6823,background
2.3454,2.0056,background
6.219,1.8538,background
8.5813,4.6383,background
0.045,2.8943,background
5.1463,7.9606,background
6.7729,9.076,background
0.2961,8.0272,background
4.0136,2.6603,background
8.9563,2.7413,background
6.7161,2.5473,background
2.3766,1.3504,background
8.5278,9.438,background
3.4803,4.0205,background
8.5334,2.2469,background
2.9894,8.4667,background
5.9032,3.992,background
3.9694,0.3512,background
2.7483,1.6194,background
8.8656,6.3925,background
1.8759,7.8291,background
0.8481,2.1093,background
3.4193,9.174,background
7.1764,8.51,background
8.0743,8.4838,background
9.9874,2.2766,background
2.9636,0.5054,background
4.0794,8.6742,background
1.3682,3.058,background
5.7487,6.1892,background
9.9758,7.5997,background
7.0088,1.2829,background
5.9521,7.8084,background
3.9237,9.3851,background
9.153,7.2837,background
4.9692,4.4122,background
1.3437,8.7668,background
3.6538,5.2746,background
0.6717,7.4477,background
2.0198,8.2051,background
0.1767,7.4935,background
4.5328,2.8785,background
6.3454,1.1784,background
3.4329,2.3834,background
4.2038,5.0287,background
9.5921,5.0528,background
7.5196,5.8264,background
5.4086,3.951,background
2.8454,7.8689,background
8.97,9.1315,background
2.351,2.4673,background
3.2534,7.3652,background
9.0906,6.7797,background
5.2954,5.2309,background
7.4232,1.8853,background
5.9074,7.9523,background
6.5344,9.6063,background
2.9938,7.2184,background
2.4137,9.1786,background
3.2249,9.8419,background
1.5544,3.5205,background
8.7431,6.3822,background
2.8325,4.7393,background
5.6149,9.8663,background
7.9197,0.9381,background
7.8382,4.1237,background
4.3839,8.7554,background
4.7626,2.8405,background
9.947,7.8779,background
6.746,3.8278,background
8.1464,9.7998,background
9.0255,8.8353,background
7.8759,3.0132,background
1.8518,7.7019,background
5.6217,3.3686,background
1.0189,6.0636,background
6.5292,6.5848,background
9.5535,8.296,background
5.1273,0.2445,background
4.3297,2.2016,background
0.3584,7.1192,background
9.5977,5.6352,background
1.03,4.9561,background
0.4108,0.5521,background
2.4607,3.4828,background
0.6553,8.651,background
4.5512,0.3089,background
5.1609,3.9644,background
3.1257,9.4515,background
0.5096,0.5088,background
1.116,7.4971,background
3.845,2.5761,background
0.6053,8.6661,background
6.9819,7.4607,background
2.0702,8.8571,background
3.0207,2.1592,background
3.9413,5.3129,background
4.1661,7.7927,background
0.0166,2.457,background
1.1207,2.3075,background
8.6276,0.2718,background
0.0123,9.5852,background
5.0817,7.1002,background
4.895,6.3556,background
3.3309,7.4399,background
4.3133,5.3161,background
7.8058,4.7613,background
8.412,4.4953,background
2.6035,6.4044,background
3.2249,2.0153,background
2.4248,8.8806,background
4.7986,8.1175,background
6.8326,3.4956,background
2.2825,5.7861,background
3.3074,1.4103,background
9.3038,9.7235,background
0.4857,9.0289,background
4.6077,9.219,background
7.1156,3.3216,background
1.5045,1.6913,background
0.4737,2.1177,background
1.3821,0.9,background
9.1882,1.2011,background
0.0926,0.713,background
1.8832,9.8982,background
0.3128,0.7406,background
1.1063,1.3254,background
6.2015,8.2725,background
2.4164,5.8024,background
5.6921,7.7442,background
5.902,6.3091,background
8.4944,8.8218,background
0.0474,6.3847,background
8.5337,5.2213,background
6.1912,7.1275,background
1.6274,4.4739,background
7.7294,3.4606,background
8.5549,4.6765,background
2.5426,1.6971,background
9.1879,7.9657,background
4.5446,2.607,background
6.0342,1.5353,background
9.8465,2.4635,background
3.6154,8.4207,background
8.1316,3.302,background
3.184,6.8605,background
7.9921,8.5641,background
6.0073,0.7774,background
2.1636,7.6502,background
4.1403,3.0767,background
3.1764,2.1662,background
0.7811,6.889,background
0.2983,9.098,background
3.4648,2.9502,background
0.1903,5.6883,background
1.6549,2.8983,background
7.2518,5.5429,background
7.0809,6.2186,background
7.3858,6.1034,background
3.1715,6.2355,background
8.9002,1.3508,background
5.9383,6.9354,background
1.2603,6.7475,background
1.4372,6.8259,background
6.931,0.7407,background
1.7294,4.4684,background
5.0729,4.0904,background
9.9177,0.8671,background
0.0401,2.2237,background
0.1658,4.4096,background
9.9308,7.4291,background
5.8464,2.3706,background
1.2691,8.2975,background
8.973,5.458,background
8.8038,7.6042,background
5.362,4.7256,background
6.2179,4.9919,background
2.7319,6.1972,background
0.5052,9.2797,background
5.9457,4.9181,background
2.9476,5.2866,background
6.6362,6.02,background
8.3625,7.3752,background
0.1816,0.7185,background
5.9571,5.1569,background
2.3128,4.8159,background
8.7389,9.2168,background
2.5366,4.9351,background
6.1077,4.6832,background
5.5354,9.622,background
3.9617,4.5058,background
6.7762,1.8088,background
7.2577,2.1692,background
5.6694,0.9519,background
7.5842,0.0057,background
9.8342,4.3195,background
4.1927,7.6924,background
5.1458,7.3347,background
0.1247,0.3215,background
7.9603,5.6998,background
5.2023,1.5428,background
4.0796,9.4108,background
0.9407,1.6736,background
8.8966,6.2664,background
3.9501,3.2624,background
6.8258,6.4156,background
1.4937,4.1226,background
9.6155,7.5964,background
1.7844,2.3068,background
1.9954,9.0579,background
8.5898,5.0021,background
9.1258,7.5609,background
2.1215,8.4973,background
4.698,9.9883,background
7.3349,2.2395,background
8.7837,2.8689,background
3.7905,2.5043,background
5.1702,2.6287,background
7.4172,5.8244,background
7.3114,9.9352,background
7.8296,9.9028,background
5.6993,5.2677,background
1.0462,6.3903,background
9.0397,8.5997,background
8.6557,9.3293,background
7.981,2.0386,background
0.9986,5.2854,background
2.044,8.3284,background
7.436,3.032,background
0.2314,4.3981,background
9.7922,9.8562,background
3.7714,9.8505,background
7.1931,9.0611,background
8.8757,7.9845,background
3.9463,2.6913,background
3.1913,3.2085,background
6.0874,5.4728,background
5.8099,5.6078,background
4.0914,5.055,background
6.0177,6.3667,background
9.3538,4.0832,background
4.6764,7.4917,background
1.9674,3.3355,background
3.7721,3.3068,background
3.9411,1.2723,background
1.3111,1.8871,background
1.6287,8.5052,background
6.8456,4.4628,background
3.3948,2.2787,background
9.549,7.5934,background
2.436,5.5398,background
0.9892,0.2116,background
7.535,3.1636,background
8.8104,1.77,background
2.7811,6.5587,background
2.0209,2.7503,background
1.8577,0.6495,background
5.2201,0.5493,background
4.6842,5.8173,background
2.5944,0.2172,background
0.4517,8.4879,background
4.8149,1.554,background
9.5933,6.0657,background
6.5252,4.4469,background
4.9551,4.4285,background
1.1069,0.718,background
2.5244,8.0275,background
2.9477,8.9305,background
7.648,0.1102,background
8.7671,1.786,background
9.0164,9.039,background
9.8457,5.4949,background
9.8237,1.5004,background
9.53,2.0279,background
0.7182,6.5999,background
1.3779,7.2482,background
3.0447,5.9943,background
5.529,9.5315,background
0.9698,4.9406,background
8.458,3.0027,background
6.1676,4.7723,background
5.4236,3.5967,background
1.6531,2.2442,background
2.5326,0.4596,background
1.6031,3.5221,background
8.5193,7.1141,background
5.8423,0.1844,background
7.3513,4.3918,background
2.9603,6.4401,background
3.7125,6.104,background
4.0485,7.7665,background
7.6001,8.1052,background
7.7235,7.1171,background
2.0681,1.028,background
9.4154,4.7502,background
1.2066,6.0341,background
8.9612,2.4557,background
1.004,0.4255,background
2.6454,2.2359,background
8.4648,4.5489,background
1.7949,4.1393,background
4.1357,1.7667,background
4.4986,8.2442,background
2.4526,9.2569,background
7.1025,2.0135,background
8.5133,9.2957,background
8.7458,0.1786,background
3.3932,9.2496,background
5.3085,9.5193,background
2.4841,0.1205,background
2.448,7.6302,background
1.6125,9.702,background
9.4002,9.059,background
8.8799,9.7071,background
7.7736,5.5032,background
5.1766,0.7816,background
4.9061,8.4979,background
5.2975,6.1383,background
5.3657,6.1474,background
4.3456,4.1725,background
1.3175,5.7184,background
1.2566,1.5358,background
9.5225,7.3977,background
4.8203,0.7502,background
9.5321,7.2978,background
1.6358,8.4898,background
5.5442,4.7247,background
2.0772,5.0983,background
2.5318,3.1221,background
0.3005,9.6946,background
1.1895,7.3312,background
9.1685,3.6899,background
3.2153,1.7481,background
6.0813,2.1958,background
4.6501,4.6392,background
4.0045,9.4257,background
5.3189,7.3415,background
1.8724,2.1524,background
9.886,8.5956,background
8.1831,3.782,background
7.4161,8.5172,background
4.6876,2.417,background
1.5288,6.1866,background
9.2067,9.2667,background
3.4139,2.5789,background
0.5011,6.9293,background
3.424,9.8731,background
7.9446,1.506,background
6.2271,0.884,background
7.5084,6.742,background
7.9364,3.3974,background
2.1195,0.7124,background
9.2378,4.7531,background
4.3799,7.5377,background
6.3901,2.8512,background
0.0231,3.3505,background
9.9337,8.457,background
2.809,5.2007,background
4.9755,3.9819,population_1
6.9081,5.5312,population_1
4.7973,5.1138,population_1
5.7136,5.1844,population_1
5.4139,6.9509,population_1
6.1643,3.7309,population_1
5.3595,4.9726,population_1
5.7291,5.3044,population_1
5.7639,4.2637,population_1
5.2656,5.0283,population_1
6.4851,3.4001,population_1
6.2384,6.4099,population_1
5.9114,4.3184,population_1
5.5695,7.0314,population_1
6.7965,4.9675,population_1
5.7642,6.0281,population_1
5.6933,4.9467,population_1
6.1047,4.9693,population_1
7.6966,4.416,population_1
4.6596,5.1191,population_1
6.7699,5.318,population_1
4.1068,4.2157,population_1
6.2173,4.875,population_1
7.5751,4.3899,population_1
6.4887,7.2997,population_1
6.1706,4.9103,population_1
5.4396,6.5452,population_1
6.031,4.8044,population_1
5.7479,5.2593,population_1
5.214,3.6786,population_1
5.7101,4.5529,population_1
6.1984,5.2105,population_1
5.2328,6.586,population_1
5.1937,5.222,population_1
4.6398,6.3837,population_1
6.3907,5.6407,population_1
6.5453,6.6274,population_1
6.2317,4.941,population_1
6.9652,7.3902,population_1
6.0879,4.5146,population_1
6.392,4.2335,population_1
6.3038,3.7899,population_1
5.9085,7.331,population_1
5.4692,5.8194,population_1
8.2142,4.6659,population_1
5.548,6.249,population_1
5.3341,5.6877,population_1
6.434,6.9661,population_1
6.2519,3.4522,population_1
4.5952,4.7346,population_1
7.1227,4.5375,population_1
5.9058,3.0263,population_1
4.8891,6.0603,population_1
7.1888,4.7296,population_1
6.6257,5.7396,population_1
4.7355,7.3598,population_1
7.7772,4.6468,population_1
6.6588,4.5788,population_1
5.9898,5.1187,population_1
7.5902,5.9872,population_1
6.1593,4.4333,population_1
5.9719,4.369,population_1
5.3397,6.0572,population_1
6.5819,5.3786,population_1
6.4766,2.9553,population_1
6.0147,3.7746,population_1
5.21,6.5012,population_1
6.1299,5.4019,population_1
5.9302,4.2378,population_1
4.6665,4.8296,population_1
4.5282,5.0132,population_1
6.5652,5.7357,population_1
3.3981,3.6417,population_1
6.2054,4.1591,population_1
5.5219,5.273,population_1
7.3082,4.9002,population_1
5.5065,5.5719,population_1
6.6595,3.7705,population_1
5.6031,5.3571,population_1
6.1137,6.0916,population_1
6.7368,5.4868,population_1
5.5374,5.1391,population_1
6.9966,4.9041,population_1
5.0063,4.1651,population_1
6.2946,4.928,population_1
6.9226,6.2597,population_1
6.66,4.881,population_1
7.9164,4.1102,population_1
5.2366,4.5078,population_1
4.6209,5.2009,population_1
5.0057,4.6265,population_1
6.6604,5.4853,population_1
6.4979,5.5228,population_1
6.1023,5.889,population_1
4.877,6.4236,population_1
6.7669,5.9959,population_1
4.7753,4.0658,population_1
7.1589,4.0965,population_1
8.8574,4.9242,population_1
6.3665,4.5488,population_1
6.5831,3.8617,population_1
5.5071,4.5583,population_1
4.1898,4.5255,population_1
5.3973,4.3282,population_1
4.9071,4.6842,population_1
4.553,6.1785,population_1
7.7224,5.1992,population_1
6.2729,7.4718,population_1
6.3797,5.1705,population_1
5.691,4.7099,population_1
5.8271,5.0041,population_1
6.9646,5.2565,population_1
5.9677,5.4353,population_1
6.5307,7.0767,population_1
5.804,4.1547,population_1
5.6578,5.859,population_1
4.5931,5.2078,population_1
4.0223,3.4289,population_1
5.7384,5.7707,population_1
6.0565,6.2676,population_1
4.7139,4.1428,population_1
5.9655,4.9911,population_1
6.0538,3.2746,population_1
3.844,3.7412,population_1
5.0849,6.048,population_1
6.4073,4.5336,population_1
6.3871,3.8912,population_1
4.8463,5.2295,population_1
6.1584,4.4776,population_1
7.0224,4.5292,population_1
6.7771,5.7393,population_1
5.9047,3.8383,population_1
5.532,4.0946,population_1
5.3707,5.1541,population_1
6.4678,5.9694,population_1
6.1951,6.2382,population_1
6.6294,4.3349,population_1
6.1319,5.9374,population_1
6.8188,4.2159,population_1
6.0946,6.8262,population_1
6.7847,3.8662,population_1
6.8708,6.3285,population_1
5.1955,4.3435,population_1
4.1919,7.0132,population_1
7.5435,5.5913,population_1
6.2567,3.984,population_1
4.2855,4.4778,population_1
5.2862,5.7812,population_1
6.7719,6.0526,population_1
5.7203,4.9293,population_1
5.4879,5.0447,population_1
7.4009,5.7584,population_1
4.9527,5.1318,population_1
5.2018,3.7065,population_1
6.2114,4.187,population_1
6.3905,5.2351,population_1
6.4963,6.2155,population_1
6.9112,6.616,population_1
6.1986,5.7795,population_1
6.4894,5.2873,population_1
5.7408,5.7488,population_1
6.0627,4.3332,population_1
6.1075,4.8468,population_1
6.2151,4.1759,population_1
6.7725,3.7513,population_1
6.5551,5.3335,population_1
6.0442,5.1855,population_1
5.1909,5.6877,population_1
6.0677,5.5461,population_1
5.972,5.2426,population_1
6.1932,5.5566,population_1
8.2065,4.9573,population_1
5.4762,5.4129,population_1
6.4223,4.2739,population_1
7.0685,5.3697,population_1
6.098,5.6684,population_1
8.3378,4.3303,population_1
5.622,5.0518,population_1
6.3241,4.3764,population_1
5.2012,4.4735,population_1
5.6485,3.8751,population_1
6.2489,6.2658,population_1
6.8463,6.0657,population_1
6.3191,5.5374,population_1
7.2591,6.9722,population_1
5.905,4.8108,population_1
5.6678,8.0318,population_1
8.704,4.7725,population_1
6.3942,5.2552,population_1
5.2805,4.6022,population_1
5.3057,5.3723,population_1
5.0573,5.8356,population_1
6.9366,4.8861,population_1
5.6356,6.7767,population_1
6.1274,5.2391,population_1
5.9365,5.2705,population_1
6.7315,4.091,population_1
5.1533,5.4185,population_1
4.9244,4.866,population_1
6.2243,4.3918,population_1
6.601,4.2235,population_1
6.3325,7.6718,population_1
5.1905,4.7365,population_1
6.6775,3.543,population_1
5.2561,4.3018,population_1
5.4785,4.9484,population_1
5.056,5.5467,population_1
7.3012,5.5548,population_1
6.6334,5.6766,population_1
6.605,4.3551,population_1
7.2472,5.3404,population_1
8.8126,4.1239,population_1
4.2908,4.3804,population_1
5.2616,4.0823,population_1
5.3838,3.8116,population_1
5.1492,6.0642,population_1
4.9224,5.6886,population_1
5.7003,5.9767,population_1
4.7834,5.0393,population_1
6.335,5.7768,population_1
6.0517,3.2387,population_1
6.481,5.8631,population_1
6.5077,5.1771,population_1
6.603,5.6271,population_1
5.6266,5.38,population_1
8.1211,4.0129,population_1
6.2344,3.502,population_1
4.1375,4.2879,population_1
4.9976,5.5649,population_1
4.2595,5.6901,population_1
6.0173,3.6321,population_1
5.8782,4.0189,population_1
5.5316,4.2768,population_1
8.0109,4.6427,population_1
6.549,3.6379,population_1
6.7261,3.5779,population_1
5.0689,4.1782,population_1
5.0009,5.0863,population_1
6.0368,3.8194,population_1
6.173,4.8842,population_1
4.1437,6.0586,population_1
5.8197,3.6982,population_1
6.0141,4.7936,population_1
5.7849,6.0248,population_1
5.1866,4.5817,population_1
5.4605,4.4263,population_1
5.8231,6.1635,population_1
6.0908,4.6938,population_1
6.6048,6.1045,population_1
7.0809,5.429,population_1
5.7057,4.6572,population_1
5.5438,5.4797,population_1
6.4377,5.3204,population_1
6.6108,6.0209,population_1
5.5658,4.4517,population_1
6.7904,5.0412,population_1
6.9796,4.9385,population_1
7.2917,5.7041,population_1
7.7783,3.9748,population_1
5.1336,6.017,population_1
6.0139,5.4663,population_1
6.0113,3.6831,population_1
5.9019,6.2083,population_1
5.3507,7.2341,population_1
4.5144,6.0018,population_1
6.0927,6.427,population_1
5.2316,5.0854,population_1
6.086,3.3385,population_1
5.206,3.1559,population_1
4.9003,5.2551,population_1
6.2343,4.408,population_1
6.1509,4.0854,population_1
6.5793,4.9373,population_1
8.1859,5.6156,population_1
6.2773,3.5472,population_1
6.4851,4.5511,population_1
4.9224,6.5099,population_1
4.7131,3.9247,population_1
7.5828,5.8698,population_1
5.0765,4.5153,population_1
4.9561,5.5458,population_1
5.9609,6.0973,population_1
5.9098,5.7413,population_1
5.0975,5.9092,population_1
5.695,3.8484,population_1
7.2294,6.1137,population_1
5.194,4.1473,population_1
4.6063,5.2595,population_1
6.9426,5.2582,population_1
6.4923,5.4851,population_1
5.3795,5.337,population_1
4.4178,4.1562,population_1
5.2554,3.6501,population_1
5.9453,5.8723,population_1
7.1657,5.1858,population_1
4.9634,6.1494,population_1
5.9155,4.9553,population_1
6.6751,3.5948,population_1
3.6187,5.9661,population_1
7.0338,4.6296,population_1
4.8175,5.342,population_1
6.332,4.3525,population_1
6.2467,6.6443,population_1
7.0846,4.1234,population_1
6.5509,4.6626,population_1
3.6227,5.1074,population_1
5.2152,3.9078,population_1
6.1382,5.3305,population_1
5.805,6.6119,population_1
6.4776,4.5095,population_1
6.7894,5.3951,population_1
6.6085,2.2506,population_1
5.7857,4.9611,population_1
4.1537,4.687,population_1
5.5445,4.1815,population_1
6.4164,6.0815,population_1
4.9096,4.6738,population_1
6.6313,4.8225,population_1
6.9084,4.6228,population_1
6.1269,3.0832,population_1
2.9362,3.868,population_1
4.7219,5.9611,population_1
7.8862,2.89,population_1
5.4535,4.2337,population_1
4.0159,4.6003,population_1
7.2352,6.7436,population_1
6.0134,5.7686,population_1
7.1049,4.4428,population_1
6.277,6.3045,population_1
6.4586,4.2595,population_1
6.363,6.0091,population_1
6.6975,3.6411,population_1
8.2774,6.0733,population_1
6.971,4.5939,population_1
4.4197,3.9715,population_1
6.4467,4.7829,population_1
7.1415,5.2773,population_1
7.2027,4.5053,population_1
5.5734,5.554,population_1
7.1649,4.417,population_1
6.9277,5.6204,population_1
8.5725,5.4422,population_1
5.25,4.9391,population_1
5.4926,4.5586,population_1
5.6939,5.1515,population_1
5.5098,5.5503,population_1
5.11,7.0618,population_1
3.2373,5.9394,population_1
5.5653,5.976,population_1
6.3694,8.0885,population_1
5.5068,5.516,population_1
7.9354,5.4846,population_1
6.0134,5.704,population_1
7.291,3.991,population_1
6.2614,4.5561,population_1
6.8264,4.4938,population_1
6.2792,5.6476,population_1
7.3688,4.8258,population_1
6.0559,5.1382,population_1
6.4961,6.0875,population_1
6.3663,5.8632,population_1
5.7117,4.8383,population_1
6.405,4.33,population_1
8.2344,6.1353,population_1
5.7296,5.7739,population_1
6.4195,3.3937,population_1
7.2578,4.6868,population_1
7.1403,5.1655,population_1
6.0117,5.7788,population_1
3.6166,5.9101,population_1
6.5167,5.2839,population_1
3.7805,5.5852,population_1
7.4699,5.0641,population_1
6.1695,4.3261,population_1
6.9997,4.7387,population_1
5.0979,5.019,population_1
4.4475,4.9653,population_1
6.2608,3.1144,population_1
5.9664,4.6025,population_1
5.5085,5.0562,population_1
6.0847,4.7186,population_1
8.7674,4.7532,population_1
6.8345,5.488,population_1
7.0495,3.921,population_1
6.8439,3.372,population_1
7.4795,4.6518,population_1
5.8099,5.7641,population_1
3.9452,6.6876,population_1
5.8114,5.7821,population_1
6.8117,3.5317,population_1
5.0302,4.7676,population_1
5.8236,5.2566,population_1
5.3082,5.1776,population_1
7.502,5.5393,population_1
6.7495,4.083,population_1
6.6515,5.0649,population_1
6.6216,5.4203,population_1
5.9628,5.8257,population_1
6.1976,4.1943,population_1
4.8148,4.6548,population_1
3.8136,2.2962,population_1
6.1501,4.3785,population_1
6.324,4.4756,population_1
7.2093,3.9804,population_1
7.5713,5.1656,population_1
7.57,4.9441,population_1
5.002,2.7408,population_1
5.6477,5.2155,population_1
6.4803,4.0717,population_1
8.5319,5.4857,population_1
7.4801,3.7181,population_1
7.1194,5.03,population_1
5.6122,4.7168,population_1
5.1168,5.3031,population_1
6.7889,5.1247,population_1
4.8993,4.7448,population_1
5.7616,3.4637,population_1
5.8852,3.5228,population_1
7.5929,4.4161,population_1
5.6453,4.9917,population_1
3.5608,4.3918,population_1
6.5044,5.6252,population_1
5.301,4.7208,population_1
6.0426,4.035,population_1
5.9133,4.7219,population_1
5.7263,5.2259,population_1
6.7903,5.3249,population_1
4.4671,6.8784,population_1
5.483,4.3311,population_1
6.684,4.9265,population_1
5.3859,5.4261,population_1
4.3912,4.9766,population_1
6.6686,4.4994,population_1
7.1231,3.4507,population_1
5.955,4.4892,population_1
4.0392,3.9263,population_1
6.706,3.2734,population_1
4.3401,4.2043,population_1
6.3088,3.9529,population_1
5.1125,5.5838,population_1
4.8402,5.6011,population_1
5.5581,4.0961,population_1
5.8167,4.7398,population_1
5.3558,3.1418,population_1
6.5887,4.5057,population_1
5.5539,5.399,population_1
6.9802,5.8249,population_1
6.2812,4.287,population_1
5.3024,6.0519,population_1
5.1341,3.4843,population_1
4.3525,3.7524,population_1
6.2907,5.7097,population_1
5.6454,6.6711,population_1
3.6278,5.4934,population_1
5.4643,4.9597,population_1
5.099,2.8048,population_1
7.5757,2.9776,population_1
4.2972,5.1294,population_1
4.5586,4.6419,population_1
7.11,3.8942,population_1
7.3568,5.0655,population_1
5.255,5.1151,population_1
5.3679,5.9444,population_1
6.6162,5.1366,population_1
3.6729,6.2284,population_1
4.1388,5.008,population_1
5.7193,4.8847,population_1
7.5499,6.0643,population_1
5.5643,4.0216,population_1
6.1009,7.8144,population_1
7.1338,5.3753,population_1
8.1069,5.3808,population_1
5.4232,5.5251,population_1
5.9832,6.8771,population_1
7.8221,5.7925,population_1
4.4778,3.3949,population_1
7.0276,6.4035,population_1
4.9817,4.6591,population_1
6.1025,5.1072,population_1
5.7574,3.7207,population_1
5.042,5.5262,population_1
5.0169,4.3486,population_1
6.2764,5.1002,population_1
6.9955,4.7159,population_1
5.8703,6.925,population_1
6.0701,6.9823,population_1
6.5712,5.0465,population_1
5.0284,5.064,population_1
6.7397,4.6266,population_1
6.8193,6.106,population_1
8.6036,4.6711,population_1
5.6239,4.5787,population_1
5.5419,5.9786,population_1
6.769,4.4617,population_1
6.8191,4.9622,population_1
5.4649,3.4187,population_1
5.5968,5.7042,population_1
6.5411,6.9409,population_1
5.1724,5.7212,population_1
5.5895,6.4618,population_1
6.0896,4.1539,population_1
6.9959,5.2363,population_1
5.3954,4.0568,population_1
4.1576,4.7722,population_1
4.0834,5.7722,population_1
4.7406,5.1018,population_1
4.6868,3.5874,population_1
5.8454,3.685,population_1
4.8111,3.6188,population_1
5.2972,5.4915,population_1
5.2259,7.0639,population_1
5.5595,6.3625,population_1
7.3225,3.104,population_1
6.6619,6.4211,population_1
6.0161,5.9364,population_1
5.539,3.4547,population_1
5.5668,4.6968,population_1
6.3277,6.0955,population_1
6.5842,5.5504,population_1
5.0924,3.6909,population_1
6.0365,5.6107,population_1
3.9684,2.8625,population_1
6.2117,4.7772,population_1
6.7621,6.138,population_1
5.7199,5.0184,population_1
7.8165,4.5011,population_1
5.1188,5.8893,population_1
6.2174,5.9748,population_1
5.9642,6.31,population_1
5.8997,5.8743,population_1
5.8857,6.0814,population_1
6.1071,5.7329,population_1
6.848,5.2655,population_1
7.3777,5.0895,population_1
5.9977,4.7627,population_1
6.8153,3.7876,population_1
5.2982,4.0447,population_1
6.766,4.718,population_1
5.238,5.2415,population_1
7.0907,6.4408,population_1
8.2106,4.9582,population_1
5.8779,6.0035,population_1
3.8075,6.0793,population_1
5.4519,4.7686,population_1
7.2319,5.5947,population_1
6.5531,4.7565,population_1
6.2489,6.3221,population_1
7.0087,5.6358,population_1
6.4845,3.8095,population_1
7.2177,5.1615,population_1
6.9194,6.6481,population_1
7.5217,4.8188,population_1
6.3588,5.4477,population_1
6.9053,5.5459,population_1
5.6929,3.9634,population_1
5.3985,5.5107,population_1
7.7068,3.6062,population_1
6.2162,4.3744,population_1
6.8049,6.0757,population_1
6.1237,5.3568,population_1
5.4135,4.6955,population_1
6.011,5.4465,population_1
7.436,4.9399,population_1
6.5552,5.0126,population_1
4.2885,5.6568,population_1
5.7848,4.2726,population_1
7.7823,5.0403,population_1
5.7862,4.6877,population_1
4.1995,3.4144,population_1
7.893,4.0795,population_1
6.6824,6.5682,population_1
5.93,5.3847,population_1
5.6286,3.6764,population_1
7.0824,3.4596,population_1
5.458,4.8878,population_1
7.1483,6.5612,population_1
6.5422,4.8132,population_1
6.2447,6.307,population_1
6.1455,5.3519,population_1
5.825,5.4713,population_1
7.0456,3.6643,population_1
5.1347,5.9375,population_1
4.3781,4.6651,population_1
6.6144,5.8631,population_1
6.6312,4.1858,population_1
6.4802,5.177,population_1
6.4077,5.352,population_1
5.6795,4.846,population_1
6.7875,5.4045,population_1
5.9544,4.7336,population_1
5.5129,4.3509,population_1
5.6881,6.6055,population_1
8.0206,6.049,population_1
4.265,4.2391,population_1
6.4998,5.5684,population_1
4.3209,4.2573,population_1
5.8918,3.8153,population_1
5.5664,6.0338,population_1
3.915,3.2959,population_1
6.389,5.9269,population_1
5.62,4.7473,population_1
3.9008,4.7885,population_1
6.8396,5.4098,population_1
7.435,5.5812,population_1
7.4901,4.1737,population_1
6.359,5.7177,population_1
6.0461,5.1134,population_1
7.3282,3.7439,population_1
7.6824,4.8301,population_1
7.1336,6.3813,population_1
5.0585,6.6766,population_1
6.2013,5.7173,population_1
6.4395,3.8097,population_1
4.1904,5.4906,population_1
6.4694,5.8509,population_1
8.273,5.7257,population_1
6.6399,5.785,population_1
7.4734,5.3633,population_1
6.1829,4.9276,population_1
5.9268,4.3916,population_1
6.3813,3.1021,population_1
5.1842,5.3396,population_1
5.0362,5.1861,population_1
7.2663,5.5576,population_1
7.3723,3.6625,population_1
5.0089,5.645,population_1
6.968,7.0545,population_1
5.913,5.0785,population_1
6.3398,4.9383,population_1
6.4602,5.309,population_1
6.9944,7.0323,population_1
6.0827,3.9764,population_1
7.4102,5.2032,population_1
6.3094,4.2003,population_1
6.6242,4.453,population_1
5.1667,4.9504,population_1
8.1587,6.3473,population_1
6.4698,6.801,population_1
6.713,5.4481,population_1
4.3918,4.6234,population_1
5.1773,7.4927,population_1
7.2379,4.5724,population_1
6.2869,4.4289,population_1
4.0862,3.2251,population_1
7.0383,6.3961,population_1
5.4562,5.9682,population_1
7.4113,7.4178,population_1
5.9122,3.6105,population_1
6.2047,6.4582,population_1
7.179,5.0701,population_1
5.1025,5.8061,population_1
5.0072,3.3522,population_1
5.8035,6.4681,population_1
6.8272,5.7865,population_1
4.6691,4.9611,population_1
4.332,5.6451,population_1
6.8237,4.2345,population_1
5.397,4.4206,population_1
5.6078,4.5366,population_1
4.1432,3.1473,population_1
5.321,5.8618,population_1
5.9924,6.1916,population_1
6.9304,4.2987,population_1
5.2288,5.3482,population_1
7.6574,4.7345,population_1
5.3154,5.3283,population_1
5.3169,4.3724,population_1
7.5374,4.1166,population_1
6.2115,6.0521,population_1
5.448,4.9361,population_1
5.8449,7.0221,population_1
7.3531,5.0463,population_1
7.4662,4.0739,population_1
5.1832,6.2269,population_1
5.9576,5.6308,population_1
6.0902,5.7269,population_1
5.0138,6.1906,population_1
5.9443,4.3472,population_1
6.0053,4.8727,population_1
7.1402,4.8286,population_1
7.2074,3.7093,population_1
5.6708,4.7364,population_1
5.786,6.3364,population_1
6.6643,5.2373,population_1
5.4148,3.6539,population_1
6.5886,3.4442,population_1
5.9121,6.6648,population_1
5.0306,4.9097,population_1
5.0432,4.3526,population_1
7.4471,4.726,population_1
5.8436,3.5227,population_1
7.6404,6.4231,population_1
5.4864,4.6069,population_1
6.2912,6.3674,population_1
8.3927,5.0517,population_1
4.9426,6.4295,population_1
4.1022,5.2567,population_1
7.2866,5.8532,population_1
5.1732,5.7191,population_1
5.9793,5.6233,population_1
5.4141,5.3479,population_1
6.2682,4.7671,population_1
5.0495,6.9154,population_1
5.8201,4.0931,population_1
6.4498,5.0043,population_1
4.9917,5.0149,population_1
5.2999,5.4024,population_1
5.6526,4.5705,population_1
4.5712,5.3147,population_1
5.5774,4.8312,population_1
6.1188,3.418,population_1
5.6005,5.0096,population_1
5.7286,3.8994,population_1
5.9801,3.2656,population_1
5.3443,5.1369,population_1
6.6911,5.4879,population_1
7.436,5.5267,population_1
5.5356,5.5672,population_1
6.4852,3.0674,population_1
5.7604,3.639,population_1
6.3655,6.9735,population_1
7.5658,3.9528,population_1
6.5087,5.6108,population_1
4.2266,4.3131,population_1
6.454,5.0797,population_1
7.2329,4.3667,population_1
5.7784,5.5615,population_1
6.9956,5.1368,population_1
5.3099,4.5517,population_1
4.5145,3.9498,population_1
6.1412,5.2678,population_1
4.2435,3.7873,population_1
5.7602,5.4275,population_1
7.2868,7.6265,population_1
4.0902,6.3502,population_1
4.7205,5.7183,population_1
4.968,4.9144,population_1
5.9367,3.0612,population_1
5.6343,3.6777,population_1
7.3991,6.2828,population_1
6.9543,4.2102,population_1
6.4953,4.3007,population_1
6.1456,4.8343,population_1
6.3932,3.938,population_1
5.138,3.7732,population_1
6.8572,4.9495,population_1
4.888,4.1085,population_1
6.8354,4.259,population_1
7.1861,4.2188,population_1
6.2109,5.5224,population_1
5.8238,4.7679,population_1
6.4003,4.8214,population_1
3.1385,5.5969,population_1
6.3023,4.858,population_1
5.8866,4.7217,population_1
5.9494,5.4705,population_1
6.7065,5.6682,population_1
5.9252,4.8529,population_1
4.8598,5.0806,population_1
5.8586,4.2182,population_1
6.0676,4.1393,population_1
6.1149,5.7691,population_1
6.1619,5.4449,population_1
7.0394,5.4553,population_1
4.914,5.2809,population_1
6.1757,5.0462,population_1
7.2899,5.6964,population_1
4.2654,5.9351,population_1
6.1796,5.9112,population_1
5.4146,4.8992,population_1
5.6293,6.387,population_1
5.0952,5.2285,population_1
5.8304,5.6324,population_1
7.8413,5.2821,population_1
4.7356,5.247,population_1
4.8304,4.2642,population_1
4.6981,5.7014,population_1
7.7274,7.8453,population_1
5.5377,4.6252,population_1
5.9744,5.071,population_1
5.5972,4.5538,population_1
5.0556,4.512,population_1
5.7648,6.5444,population_1
8.4582,4.327,population_1
7.3921,4.5259,population_1
5.1471,3.4125,population_1
6.6476,4.2424,population_1
5.1685,3.2916,population_1
4.2236,5.6318,population_1
7.0195,7.7997,population_1
7.1601,4.6333,population_1
7.0461,3.3332,population_1
5.5301,5.9,population_1
5.8332,4.2731,population_1
6.7498,6.2993,population_1
6.3915,4.718,population_1
5.6064,4.3682,population_1
4.3809,4.822,population_1
6.1139,5.7578,population_1
7.079,4.7726,population_1
4.8024,4.5033,population_1
6.6388,4.8012,population_1
6.3315,3.7281,population_1
6.7501,5.397,population_1
6.872,3.2133,population_1
5.3055,4.5559,population_1
4.383,5.7594,population_1
5.4665,5.303,population_1
6.8891,5.5903,population_1
5.458,4.935,population_1
5.306,6.1697,population_1
4.1786,5.9247,population_1
7.7526,5.4461,population_1
6.8257,5.9275,population_1
6.7699,5.7504,population_1
6.9677,4.5605,population_1
6.5767,3.6561,population_1
5.7557,5.4204,population_1
5.8362,5.5461,population_1
5.5724,6.0905,population_1
8.6347,4.0637,population_1
6.5559,4.0936,population_1
5.5362,5.4599,population_1
6.4655,4.9288,population_1
4.9891,3.1142,population_1
7.5045,5.3751,population_1
5.3389,3.1476,population_1
6.5011,4.0547,population_1
7.066,6.3517,population_1
6.3848,6.8249,population_1
6.0945,3.7843,population_1
6.0108,4.6706,population_1
5.9436,5.0426,population_1
5.4233,6.7812,population_1
5.5505,4.5071,population_1
7.4796,4.5231,population_1
5.8915,6.5487,population_1
5.2142,4.6252,population_1
5.4837,5.7222,population_1
7.1004,3.5229,population_1
6.6756,4.8288,population_1
6.5603,3.3404,population_1
5.7425,3.9446,population_1
6.5734,5.8392,population_1
5.3564,4.9501,population_1
5.7404,4.6809,population_1
6.9698,4.2513,population_1
6.8743,4.7793,population_1
5.0181,5.3011,population_1
5.1445,5.9829,population_1
6.1087,2.3749,population_1
7.7261,4.1682,population_1
4.0844,5.1591,population_1
6.2783,4.9011,population_1
4.624,5.4034,population_1
5.3657,5.2675,population_1
5.6356,4.6951,population_1
5.5795,4.4731,population_1
5.4662,4.7545,population_1
6.0072,6.1487,population_1
5.4647,4.268,population_1
4.5375,4.9372,population_1
6.7799,5.1833,population_1
6.7529,6.5604,population_1
6.8432,4.6997,population_1
4.4593,5.9588,population_1
6.2989,6.232,population_1
6.676,4.9362,population_1
4.9688,4.7893,population_1
6.0092,4.6709,population_1
5.8837,4.7442,population_1
7.8422,5.8542,population_1
7.9245,5.231,population_1
4.3356,5.2353,population_1
8.4939,3.8748,population_1
5.0848,4.0325,population_1
6.9807,7.1434,population_1
6.9705,4.8222,population_1
5.0043,4.2252,population_1
6.4933,6.4311,population_1
5.8925,5.2818,population_1
6.5543,5.5782,population_1
6.2307,4.862,population_1
7.1963,4.6813,population_1
6.0754,4.8304,population_1
5.8321,3.6173,population_1
7.0961,4.9121,population_1
6.5804,5.296,population_1
6.7318,6.8505,population_1
5.3354,5.086,population_1
4.9547,2.6658,population_1
5.4323,4.906,population_1
5.3792,7.7395,population_1
6.7862,5.8664,population_1
6.976,4.1891,population_1
5.8449,5.5911,population_1
7.4309,4.258,population_1
7.3685,3.6462,population_1
6.2434,4.6516,population_1
5.1781,5.0915,population_1
7.5754,3.1278,population_1
5.939,3.8508,population_1
6.1262,5.0103,population_1
5.6604,4.5918,population_1
5.1102,5.3948,population_1
4.5314,3.7853,population_1
6.6329,5.7141,population_1
5.2166,3.8162,population_1
9.0595,6.6427,population_1
4.9139,3.2842,population_1
4.7426,3.9074,population_1
6.5101,5.4174,population_1
7.5293,6.6642,population_1
6.0646,5.315,population_1
6.5722,5.5629,population_1
4.1565,5.0175,population_1
5.3225,3.9736,population_1
4.9264,4.5099,population_1
4.105,3.7881,population_1
6.117,3.7213,population_1
3.7572,5.4017,population_1
4.6778,3.8768,population_1
5.4628,5.3196,population_1
5.1687,3.6982,population_1
6.3964,5.2964,population_1
6.3056,4.5113,population_1
6.8938,6.4066,population_1
6.7524,5.3237,population_1
7.1408,6.2358,population_1
5.9981,4.2444,population_1
6.3035,5.0561,population_1
6.5115,4.0189,population_1
6.1417,4.5864,population_1
5.6028,4.7379,population_1
5.6676,4.2741,population_1
5.1824,3.7845,population_1
6.4216,3.5865,population_1
5.906,2.6603,population_1
5.3368,3.9437,population_1
5.3378,5.6275,population_1
4.7896,3.4015,population_1
6.9788,3.6319,population_1
6.0786,6.7909,population_1
5.1372,4.3635,population_1
6.8085,5.321,population_1
5.4396,5.6423,population_1
4.5935,5.6625,population_1
7.0212,3.4777,population_1
5.4629,4.7689,population_1
5.5911,3.3818,population_1
6.0412,7.4463,population_1
7.1426,3.4051,population_1
6.02,3.9522,population_1
4.8009,3.9594,population_1
6.5439,3.5033,population_1
5.515,6.3526,population_1
7.8879,7.4224,population_1
5.9989,4.5243,population_1
3.765,3.6796,population_1
6.3574,2.7631,population_1
7.9446,4.7559,population_1
7.5759,4.6836,population_1
7.831,4.3487,population_1
4.9802,5.2214,population_1
6.9122,5.3952,population_1
5.278,5.3231,population_1
6.2243,4.6839,population_1
4.727,3.8984,population_1
5.3555,5.6658,population_1
5.3238,5.0125,population_1
6.8986,5.8884,population_1
6.8007,5.7901,population_1
6.2768,3.5782,population_1
4.6496,3.5658,population_1
5.6884,4.2445,population_1
5.2539,3.9437,population_1
6.8697,5.7553,population_1
7.1782,5.3513,population_1
7.0564,6.0992,population_1
5.2448,5.3965,population_1
3.2605,5.2086,population_1
4.233,6.1997,population_1
7.4216,5.4697,population_1
5.5987,5.0681,population_1
5.2493,6.4805,population_1
7.6427,5.1152,population_1
7.2652,4.6957,population_1
6.0244,4.1622,population_1
5.7066,5.703,population_1
5.8679,6.2371,population_1
6.2272,4.9494,population_1
7.6,6.3079,population_1
6.4225,3.03,population_1
6.726,4.9445,population_1
7.1693,4.9599,population_1
4.8303,4.273,population_1
6.7549,7.3839,population_1
5.7054,4.9338,population_1
3.4839,4.5923,population_1
3.8718,5.026,population_1
0.9986,6.065,population_2
1.6201,4.0801,population_2
2.4916,1.875,population_2
1.6855,4.6089,population_2
1.5856,3.0959,population_2
2.6548,3.3367,population_2
2.6701,4.6266,population_2
2.2585,4.2546,population_2
1.7724,3.5119,population_2
1.8803,3.3504,population_2
1.5979,4.1258,population_2
1.5026,3.5905,population_2
1.4778,2.8908,population_2
1.691,3.6674,population_2
1.4826,4.3396,population_2
1.2181,3.8219,population_2
2.1097,2.5865,population_2
2.1173,4.9891,population_2
2.8504,1.2612,population_2
1.6658,3.5536,population_2
2.1481,3.3798,population_2
2.1564,4.1482,population_2
1.8731,4.5617,population_2
2.3722,5.1268,population_2
2.3876,3.2876,population_2
2.1637,4.5866,population_2
1.8722,4.1958,population_2
1.8212,2.2885,population_2
1.3161,5.9005,population_2
1.597,2.5612,population_2
1.689,4.4195,population_2
1.438,4.39,population_2
2.22,4.2756,population_2
2.5983,3.5054,population_2
1.546,4.8273,population_2
2.1417,2.4396,population_2
1.4829,3.9342,population_2
1.8475,3.4361,population_2
1.6548,3.3227,population_2
2.3009,4.4287,population_2
1.6606,5.0775,population_2
2.5058,3.6567,population_2
1.8771,4.7807,population_2
1.6752,4.0497,population_2
1.3733,3.1073,population_2
2.1266,3.742,population_2
2.4476,3.7005,population_2
2.1367,3.3033,population_2
3.1194,4.4285,population_2
2.7149,4.2346,population_2
1.8462,2.4094,population_2
1.841,2.3485,population_2
2.2348,4.4247,population_2
1.581,3.1847,population_2
2.5831,4.302,population_2
2.1808,4.7809,population_2
2.1282,2.729,population_2
2.3435,2.5885,population_2
2.8614,5.6744,population_2
2.0855,4.3516,population_2
1.9435,3.5808,population_2
2.7544,3.0661,population_2
2.4838,3.4896,population_2
1.8395,2.8094,population_2
2.0026,4.8834,population_2
2.0977,3.2232,population_2
2.1809,5.0935,population_2
1.3217,3.5994,population_2
1.2288,2.9566,population_2
1.5563,3.5737,population_2
1.5176,1.3758,population_2
1.6781,3.8792,population_2
2.3174,3.8299,population_2
1.9155,4.8247,population_2
2.0982,2.1137,population_2
1.3878,5.1619,population_2
1.7692,4.8206,population_2
2.2936,5.252,population_2
2.2975,3.9473,population_2
1.6377,5.0139,population_2
2.0808,2.5288,population_2
3.0994,4.713,population_2
1.9912,3.2288,population_2
1.6534,2.3486,population_2
1.9131,2.8759,population_2
2.0461,4.0055,population_2
1.9244,3.1757,population_2
1.9843,4.3761,population_2
1.2783,2.1918,population_2
1.5187,1.8729,population_2
1.9253,5.3724,population_2
1.9174,4.9038,population_2
1.7169,2.9507,population_2
1.9115,3.997,population_2
2.0305,5.0195,population_2
2.4447,4.4192,population_2
1.9504,4.1482,population_2
2.1996,5.0952,population_2
1.7292,3.2693,population_2
2.286,4.0312,population_2
2.1879,3.9822,population_2
2.4329,3.7272,population_2
2.3567,3.6102,population_2
2.2944,4.0729,population_2
1.9508,4.0344,population_2
2.1225,2.9516,population_2
2.5318,4.8018,population_2
1.674,3.0236,population_2
1.6858,3.7818,population_2
2.0907,3.7047,population_2
2.2076,4.3581,population_2
1.5879,1.8809,population_2
1.9626,4.8909,population_2
1.953,3.323,population_2
0.8924,5.22,population_2
1.8902,3.5218,population_2
1.9213,3.9512,population_2
1.9199,5.9138,population_2
2.708,3.7227,population_2
1.3921,5.2388,population_2
1.5877,4.039,population_2
0.6939,4.4154,population_2
1.7595,4.07,population_2
1.8022,4.8479,population_2
1.745,3.3145,population_2
2.5538,3.016,population_2
2.4303,3.3614,population_2
2.0389,4.0997,population_2
1.8147,3.7792,population_2
2.5131,4.7103,population_2
1.9901,5.3047,population_2
1.5909,3.0242,population_2
1.1419,3.2661,population_2
1.7793,2.5638,population_2
2.3773,6.0304,population_2
3.1383,4.3047,population_2
2.0308,4.4798,population_2
1.6173,2.6598,population_2
1.4075,3.9988,population_2
2.276,4.5092,population_2
1.1177,3.7472,population_2
2.2752,5.0757,population_2
2.4089,6.3118,population_2
2.2181,3.0529,population_2
1.8902,2.9779,population_2
2.2825,3.1222,population_2
2.0855,5.6062,population_2
1.6109,5.0424,population_2
2.9252,3.8645,population_2
1.8242,4.0366,population_2
2.3879,3.1835,population_2
0.7907,4.89,population_2
2.6382,3.6201,population_2
2.7344,3.7399,population_2
2.0149,4.6088,population_2
2.2794,3.812,population_2
2.2793,3.765,population_2
1.6786,4.0106,population_2
2.2736,4.7954,population_2
1.5957,5.6465,population_2
1.6956,4.5855,population_2
2.5635,4.8033,population_2
2.4873,3.8001,population_2
1.6468,3.2922,population_2
1.6332,4.654,population_2
1.6772,4.1712,population_2
2.3663,2.5774,population_2
1.5,3.6719,population_2
2.1784,3.9171,population_2
2.3734,3.4895,population_2
1.9559,5.4817,population_2
2.505,4.4798,population_2
1.8478,5.3732,population_2
1.8931,4.2634,population_2
1.5114,4.0814,population_2
2.5086,3.0634,population_2
1.6167,4.0119,population_2
2.1749,4.0131,population_2
1.9643,2.6329,population_2
1.4736,3.4605,population_2
1.6954,3.6767,population_2
2.6914,4.4135,population_2
2.1008,4.4614,population_2
1.4954,3.4187,population_2
2.1527,4.4689,population_2
1.9269,3.8179,population_2
3.727,1.1304,population_2
2.1426,3.5153,population_2
1.8097,5.079,population_2
2.71,2.3182,population_2
1.0795,4.1127,population_2
2.0472,5.5853,population_2
2.9972,3.2394,population_2
1.9419,4.0021,population_2
1.1333,2.696,population_2
1.802,5.6272,population_2
2.7273,3.9167,population_2
2.188,4.0466,population_2
1.5806,5.3543,population_2
1.6574,4.6615,population_2
1.7201,3.1244,population_2
2.1806,3.3527,population_2
2.6691,4.4949,population_2
2.5262,3.3759,population_2
2.228,1.8828,population_2
1.3342,3.9468,population_2
1.336,2.5198,population_2
2.2666,5.6163,population_2
1.3273,4.1768,population_2
1.8872,3.0948,population_2
2.1521,3.3014,population_2
1.4312,2.1106,population_2
1.4879,2.9005,population_2
1.9529,5.0163,population_2
2.2518,6.2318,population_2
2.5308,4.7264,population_2
2.3035,3.908,population_2
2.0368,3.568,population_2
1.6269,3.0435,population_2
1.4645,6.0598,population_2
1.7446,3.8113,population_2
2.205,6.1156,population_2
2.1683,5.3935,population_2
0.95,2.2592,population_2
1.6072,3.334,population_2
2.6023,3.331,population_2
2.0396,3.9202,population_2
1.2915,3.9397,population_2
3.1779,6.9962,population_2
1.9855,2.9228,population_2
2.1922,4.229,population_2
2.1998,4.6165,population_2
1.8162,3.9984,population_2
1.6362,4.1102,population_2
3.0608,2.9552,population_2
2.5016,4.1065,population_2
2.411,4.5114,population_2
2.2881,4.3276,population_2
1.4983,4.5702,population_2
2.6388,5.4126,population_2
1.5784,4.937,population_2
2.1416,4.0713,population_2
1.1803,2.8282,population_2
0.9796,3.4,population_2
2.1591,3.7804,population_2
1.5955,4.2523,population_2
1.0054,3.5217,population_2
2.2703,3.0643,population_2
3.06,2.8118,population_2
2.6948,2.3488,population_2
1.8713,3.765,population_2
2.0044,2.5303,population_2
2.4439,2.9995,population_2
2.5611,3.6061,population_2
1.8282,2.6641,population_2
2.0171,4.3798,population_2
2.1503,4.7402,population_2
2.2769,3.4506,population_2
1.9335,3.563,population_2
1.94,4.5374,population_2
2.6899,3.286,population_2
2.6048,3.2173,population_2
2.2387,5.1965,population_2
2.8596,4.8842,population_2
1.8068,4.6016,population_2
2.8115,4.9256,population_2
2.2713,2.0227,population_2
3.6355,5.3538,population_2
1.4038,4.3921,population_2
1.6553,5.0108,population_2
2.2094,4.3872,population_2
2.1986,4.0489,population_2
2.9751,3.7247,population_2
1.6658,4.3671,population_2
2.4525,3.6883,population_2
2.5812,4.8679,population_2
2.3523,2.4135,population_2
1.5195,3.4584,population_2
2.7039,6.0448,population_2
2.6147,3.3739,population_2
2.2998,3.7613,population_2
2.1022,3.1174,population_2
2.1131,4.3358,population_2
1.9606,3.2637,population_2
2.3204,3.8144,population_2
2.0156,4.8489,population_2
1.5757,3.3012,population_2
1.4757,4.7886,population_2
1.624,4.8222,population_2
2.1111,5.055,population_2
1.9865,4.1405,population_2
2.1077,7.2413,population_2
2.2504,5.0545,population_2
1.6863,4.3249,population_2
2.7328,3.1241,population_2
1.8661,3.9029,population_2
1.7833,5.4263,population_2
2.2412,5.7095,population_2
1.0817,5.4783,population_2
1.6047,4.7852,population_2
2.4905,2.7443,population_2
1.1313,4.4872,population_2
2.5588,2.7586,population_2
2.7556,2.5125,population_2
1.8153,4.2392,population_2
2.1459,4.5232,population_2
2.5595,4.9034,population_2
1.7666,4.4971,population_2
2.4339,4.5316,population_2
1.6644,3.0153,population_2
1.7612,3.895,population_2
1.6003,2.4929,population_2
2.1713,1.9966,population_2
2.579,4.7406,population_2
1.9079,3.2469,population_2
1.3644,4.8725,population_2
1.4586,5.1083,population_2
2.1973,3.3807,population_2
2.9221,4.5903,population_2
2.1969,3.3388,population_2
1.8066,2.1541,population_2
2.3831,4.1233,population_2
1.8803,3.5291,population_2
1.8109,3.5599,population_2
1.5208,5.9753,population_2
2.7042,2.4741,population_2
0.7304,4.3829,population_2
2.3989,3.0052,population_2
1.7681,4.9083,population_2
1.7948,4.2984,population_2
2.8462,4.3793,population_2
1.6429,3.0551,population_2
1.66,3.2344,population_2
1.9348,4.9273,population_2
2.2069,5.7708,population_2
1.7791,4.4803,population_2
1.2131,3.1026,population_2
1.5672,4.3389,population_2
2.6407,6.4275,population_2
2.0374,4.1024,population_2
2.2255,5.4618,population_2
1.8693,3.2597,population_2
1.6703,3.9579,population_2
2.8388,4.6196,population_2
1.9059,4.3973,population_2
1.7783,3.2336,population_2
2.5481,3.1905,population_2
1.6388,4.9883,population_2
1.7026,5.1916,population_2
2.0051,5.5121,population_2
2.0001,5.8039,population_2
2.1298,4.1346,population_2
3.0458,3.6888,population_2
2.1681,5.351,population_2
0.811,4.7131,population_2
2.1631,3.0175,population_2
2.0189,2.9664,population_2
2.0217,4.4919,population_2
2.123,3.8227,population_2
1.9857,3.9736,population_2
1.9737,5.0725,population_2
2.3065,4.759,population_2
1.729,5.3299,population_2
1.5262,2.0685,population_2
3.5119,4.2534,population_2
1.6421,4.6947,population_2
2.0501,2.4734,population_2
1.2522,3.3451,population_2
2.0582,3.1595,population_2
1.5334,4.0217,population_2
1.7788,5.6279,population_2
2.5225,6.0226,population_2
2.236,3.1857,population_2
2.2842,4.5266,population_2
1.1144,4.5588,population_2
2.9184,4.3876,population_2
1.4041,4.399,population_2
2.7643,4.3037,population_2
2.5108,5.6876,population_2
2.2887,5.1025,population_2
1.5725,2.9398,population_2
2.0758,4.7957,population_2
1.7645,4.8924,population_2
2.0145,4.315,population_2
1.8751,5.1314,population_2
0.9807,4.1881,population_2
2.5609,4.2005,population_2
1.9594,4.1212,population_2
1.7576,1.9818,population_2
1.7198,3.9196,population_2
2.1792,3.3317,population_2
1.5531,2.8136,population_2
0.8724,5.434,population_2
2.2036,4.5042,population_2
2.2596,3.9702,population_2
1.9002,3.4352,population_2
1.426,4.2962,population_2
2.0445,4.9914,population_2
1.2677,3.173,population_2
1.4864,3.9952,population_2
1.6247,4.8681,population_2
2.422,2.064,population_2
1.8187,3.9424,population_2
1.7761,3.5707,population_2
2.9773,3.8662,population_2
2.1762,3.4984,population_2
2.1695,4.1376,population_2
1.8151,5.9236,population_2
1.7018,3.6761,population_2
0.9068,4.2917,population_2
2.4844,5.9947,population_2
2.2242,3.45,population_2
1.9104,5.8147,population_2
1.9314,4.0053,population_2
2.3681,5.7819,population_2
1.2226,4.7502,population_2
1.7051,4.3071,population_2
1.4318,3.9344,population_2
2.8858,3.376,population_2
2.4378,4.0758,population_2
0.8987,4.8974,population_2
1.2431,3.9869,population_2
1.9338,3.6834,population_2
1.7638,3.7492,population_2
1.3378,4.9925,population_2
2.9724,5.2252,population_2
2.1563,3.3328,population_2
2.2374,3.3314,population_2
1.654,4.3794,population_2
2.3611,5.5275,population_2
1.8098,5.146,population_2
1.8583,2.7481,population_2
2.3055,3.7359,population_2
1.1855,3.0694,population_2
2.7985,3.7325,population_2
2.0912,5.6044,population_2
2.6405,2.5774,population_2
1.4623,2.3811,population_2
1.5384,3.1714,population_2
1.419,4.2873,population_2
2.1251,4.6208,population_2
2.033,4.4374,population_2
1.7678,5.1757,population_2
1.493,2.2369,population_2
1.3667,5.1883,population_2
1.9758,3.6879,population_2
1.7672,4.7315,population_2
1.6572,2.6766,population_2
2.7735,4.005,population_2
1.9588,4.2363,population_2
2.635,5.1558,population_2
1.7334,2.4147,population_2
2.1224,4.0308,population_2
1.9723,2.9148,population_2
1.1512,4.5055,population_2
2.7142,4.7772,population_2
1.9324,5.2872,population_2
2.3732,3.465,population_2
1.624,4.9272,population_2
1.9176,5.3609,population_2
1.5666,2.3568,population_2
2.618,4.6123,population_2
2.1557,4.9585,population_2
2.1835,3.7413,population_2
2.6791,2.7892,population_2
2.5782,4.943,population_2
2.3827,2.8005,population_2
1.2891,3.8216,population_2
1.6522,3.9599,population_2
1.4981,4.7155,population_2
2.3638,3.3734,population_2
2.0853,3.3154,population_2
1.3047,4.0989,population_2
1.9056,5.0064,population_2
1.2529,6.2875,population_2
1.9734,2.4925,population_2
1.1723,4.3153,population_2
2.2644,2.9135,population_2
2.189,5.0188,population_2
2.954,3.0615,population_2
2.4239,3.3254,population_2
1.7885,3.4107,population_2
2.409,3.9238,population_2
1.3012,4.3232,population_2
1.5188,4.4837,population_2
2.1666,3.9942,population_2
0.9209,2.6701,population_2
1.9814,4.7278,population_2
1.4899,3.947,population_2
2.0507,5.1617,population_2
1.4611,3.2923,population_2
2.2121,2.3977,population_2
2.0097,3.966,population_2
2.7002,5.296,population_2
2.0034,4.1609,population_2
1.6157,3.8003,population_2
1.8766,3.1297,population_2
1.3279,5.7578,population_2
2.2031,2.9704,population_2
2.2949,3.2746,population_2
3.2346,4.57,population_2
1.6891,2.144,population_2
1.8661,5.2746,population_2
1.7121,4.6242,population_2
2.1061,4.8992,population_2
2.1908,4.5581,population_2
1.9733,3.8389,population_2
2.5432,2.9369,population_2
1.6915,3.8599,population_2
2.4931,3.0248,population_2
2.2692,4.4862,population_2
1.994,4.8068,population_2
1.8425,5.4768,population_2
3.2133,4.3718,population_2
1.5915,4.9246,population_2
2.149,3.7029,population_2
1.6249,3.5217,population_2
2.8928,4.4737,population_2
2.4434,3.6135,population_2
1.6608,4.2692,population_2
2.2563,2.9388,population_2
2.1288,3.1184,population_2
1.7417,4.6354,population_2
2.3791,4.8867,population_2
2.1947,3.0143,population_2
2.1078,4.6706,population_2
1.979,3.4673,population_2
2.2155,4.0165,population_2
2.1147,5.4169,population_2
2.0295,4.8075,population_2
1.6795,4.7959,population_2
2.8469,5.9088,population_2
1.4748,3.2961,population_2
2.2138,3.0141,population_2
1.8399,3.2779,population_2
2.8798,3.7455,population_2
1.5483,1.6454,population_2
1.6324,3.7926,population_2
1.5151,3.4554,population_2
2.1617,4.7838,population_2
1.3135,4.3524,population_2
1.7607,3.3993,population_2
0.9238,4.59,population_2
2.1202,4.7233,population_2
1.7499,3.2315,population_2
1.256,3.507,population_2
2.5428,1.7746,population_2
1.3462,2.9093,population_2
2.3985,3.2575,population_2
1.6495,4.0742,population_2
2.8008,3.0546,population_2
2.3748,3.4865,population_2
1.496,2.7747,population_2
1.5415,4.1711,population_2
2.3028,4.4257,population_2
1.8688,4.4024,population_2
1.9153,4.0124,population_2
2.6361,2.4589,population_2
1.6257,3.38,population_2
2.0456,3.5927,population_2
2.4773,3.5967,population_2
2.4046,4.075,population_2
1.9202,5.4255,population_2
1.8555,4.8121,population_2
1.1306,3.0125,population_2
1.4719,4.6784,population_2
2.1592,4.6403,population_2
1.9311,3.1939,population_2
2.0375,4.8489,population_2
2.5196,3.8396,population_2
1.4063,2.59,population_2
1.8819,4.4552,population_2
2.0944,4.217,population_2
1.6479,3.7723,population_2
2.7157,3.9625,population_2
2.4543,3.2809,population_2
2.1451,4.6101,population_2
2.8971,3.9565,population_2
1.2506,4.1664,population_2
1.9961,4.3571,population_2
2.1832,2.8454,population_2
1.5427,3.1057,population_2
2.1504,1.7901,population_2
1.4467,4.5647,population_2
2.3453,2.7878,population_2
2.5289,4.1326,population_2
2.1362,4.371,population_2
1.0736,4.6024,population_2
1.5166,2.796,population_2
2.2824,3.9348,population_2
2.0106,5.6703,population_2
0.653,5.7143,population_2
2.6214,4.9873,population_2
2.0683,4.3375,population_2
1.5905,2.9949,population_2
2.4975,4.7186,population_2
1.6612,3.842,population_2
1.6558,4.5605,population_2
2.1792,3.3672,population_2
2.8905,3.8271,population_2
2.8118,4.1641,population_2
2.1799,4.2463,population_2
2.2312,4.4937,population_2
2.3957,3.4208,population_2
1.3715,2.6567,population_2
2.3221,5.6248,population_2
1.633,6.4893,population_2
2.1592,4.4474,population_2
1.8863,2.676,population_2
2.2506,3.2268,population_2
2.0591,4.5091,population_2
0.4635,5.3411,population_2
2.0894,2.7871,population_2
2.3211,3.8757,population_2
2.223,4.1959,population_2
1.9487,4.8646,population_2
2.8211,3.6564,population_2
2.1557,2.4362,population_2
2.2188,4.6212,population_2
2.5222,5.1248,population_2
2.1813,3.9174,population_2
1.551,4.4052,population_2
0.7808,3.5255,population_2
1.7614,3.1542,population_2
2.3805,5.0264,population_2
1.8235,4.3875,population_2
2.4006,4.4904,population_2
2.0744,5.5021,population_2
2.644,2.9452,population_2
1.8524,3.448,population_2
2.2338,4.1579,population_2
2.2529,3.4357,population_2
2.7508,4.7831,population_2
1.1467,3.8126,population_2
1.7708,3.0075,population_2
2.4243,4.0658,population_2
2.7729,4.1703,population_2
2.12,4.9347,population_2
1.8536,4.3931,population_2
2.3786,4.4611,population_2
2.4344,4.3203,population_2
1.8202,3.8118,population_2
2.1652,3.2838,population_2
2.5903,4.2888,population_2
2.9452,3.6669,population_2
2.3713,5.6898,population_2
2.0221,5.3422,population_2
1.973,4.6328,population_2
2.2787,4.3785,population_2
1.9422,3.912,population_2
2.0948,2.7389,population_2
1.4711,3.7838,population_2
2.6485,4.1014,population_2
1.4299,4.2295,population_2
1.7839,4.4695,population_2
2.0488,4.9213,population_2
2.9955,3.3078,population_2
1.7887,3.3169,population_2
1.667,5.4509,population_2
1.7246,4.771,population_2
2.8294,3.6092,population_2
0.5938,3.8928,population_2
1.4986,3.8973,population_2
3.3656,4.0316,population_2
2.2954,4.4727,population_2
1.447,6.535,population_2
1.979,4.1898,population_2
2.0337,4.6626,population_2
2.4231,2.3135,population_2
2.9198,3.5151,population_2
2.1943,5.2288,population_2
1.7301,4.4023,population_2
2.3935,-0.3891,population_2
1.6509,4.674,population_2
1.4833,5.9182,population_2
1.12,2.0041,population_2
1.2174,5.5194,population_2
1.5518,1.228,population_2
1.4111,4.938,population_2
2.1566,3.9914,population_2
1.4003,1.65,population_2
0.4282,4.4461,population_2
1.478,5.1508,population_2
1.7641,4.3639,population_2
1.6973,4.5848,population_2
2.7598,3.5883,population_2
1.6932,2.1386,population_2
2.4405,4.6919,population_2
1.9905,5.7498,population_2
1.9788,5.1296,population_2
1.5823,2.0121,population_2
1.9706,2.4851,population_2
1.6175,3.154,population_2
2.085,2.407,population_2
1.8819,4.0442,population_2
1.5277,4.3934,population_2
2.4959,2.5697,population_2
2.2134,4.7771,population_2
1.776,4.6011,population_2
2.0727,3.4518,population_2
1.9581,3.8275,population_2
1.5662,2.0502,population_2
2.0352,3.6677,population_2
1.6895,4.0074,population_2
1.5275,4.1687,population_2
1.1886,4.3789,population_2
1.8207,4.2442,population_2
2.2835,3.7357,population_2
1.6527,4.2862,population_2
3.2604,5.002,population_2
2.4428,3.9045,population_2
2.6522,4.3176,population_2
2.3976,3.8138,population_2
2.9264,3.3532,population_2
1.6065,4.5229,population_2
0.7196,3.4448,population_2
1.7769,4.3861,population_2
2.2791,4.0283,population_2
2.0758,3.6961,population_2
2.1377,3.6719,population_2
2.6605,3.4919,population_2
2.191,2.3542,population_2
2.3995,4.3829,population_2
1.5302,4.2315,population_2
1.4523,4.8497,population_2
2.8071,3.4685,population_2
2.0505,5.8954,population_2
1.6884,3.6203,population_2
1.6893,3.1249,population_2
1.6754,3.0063,population_2
1.6455,2.2661,population_2
1.3584,5.5326,population_2
1.2498,5.3711,population_2
1.9025,4.6007,population_2
1.7035,3.1039,population_2
2.5536,5.8113,population_2
2.1465,3.6483,population_2
2.1327,3.731,population_2
1.6284,5.4373,population_2
1.9395,4.6589,population_2
2.1805,6.2011,population_2
2.3581,4.2487,population_2
1.9531,3.603,population_2
2.5396,3.3882,population_2
2.004,2.153,population_2
2.3964,3.7214,population_2
1.7551,5.1446,population_2
1.0937,4.5988,population_2
2.1342,4.0203,population_2
2.3627,3.0051,population_2
2.2877,4.2269,population_2
2.2111,5.0128,population_2
1.8257,4.4307,population_2
1.5966,4.1667,population_2
2.2759,3.203,population_2
2.2132,4.8672,population_2
1.7196,0.8681,population_2
2.5547,4.3828,population_2
1.5586,6.5703,population_2
1.7082,2.4916,population_2
2.8182,3.7586,population_2
2.4343,3.9921,population_2
1.821,3.5374,population_2
2.1437,5.0364,population_2
2.0774,4.4725,population_2
0.6272,4.1523,population_2
1.5468,4.7973,population_2
1.9746,4.0168,population_2
1.8217,7.1799,population_2
2.1236,4.1513,population_2
2.5647,4.1953,population_2
1.8392,2.2895,population_2
1.4712,3.4565,population_2
2.1624,5.1474,population_2
1.8367,2.6645,population_2
1.922,1.8424,population_2
1.8541,4.0323,population_2
3.1209,5.3707,population_2
0.8796,4.0424,population_2
1.8058,3.6639,population_2
1.9982,2.1415,population_2
1.6094,4.4523,population_2
2.4499,4.6613,population_2
2.4066,2.2183,population_2
1.9761,5.1345,population_2
1.8647,4.7657,population_2
1.944,5.1323,population_2
1.9476,4.5835,population_2
1.9608,4.6537,population_2
1.906,4.5207,population_2
2.1262,4.8685,population_2
2.3766,2.1812,population_2
1.3849,2.4989,population_2
1.4747,3.264,population_2
1.1257,3.8702,population_2
2.4332,4.3881,population_2
2.1252,4.3247,population_2
2.2526,5.1171,population_2
1.2853,5.1485,population_2
2.8925,3.1276,population_2
1.6956,4.2386,population_2
2.0841,3.1522,population_2
2.4272,3.8118,population_2
1.5065,4.3218,population_2
1.7268,0.5913,population_2
2.0896,6.4112,population_2
3.4287,4.5664,population_2
2.1506,3.4043,population_2
2.8032,5.9274,population_2
2.6028,3.6526,population_2
2.184,4.1325,population_2
1.5054,3.5129,population_2
2.5299,5.652,population_2
1.2509,3.895,population_2
2.8004,4.1495,population_2
2.1,5.2038,population_2
0.6749,4.5851,population_2
1.8297,3.9457,population_2
2.327,5.1104,population_2
1.8815,6.5385,population_2
2.3575,4.3174,population_2
1.575,4.1168,population_2
1.347,4.1706,population_2
1.9643,5.3104,population_2
2.0158,3.4008,population_2
1.8258,3.7217,population_2
2.6136,2.4626,population_2
1.5749,2.8161,population_2
2.1566,3.4822,population_2
2.034,3.9441,population_2
1.2216,5.7691,population_2
1.3405,4.536,population_2
2.006,3.0879,population_2
2.9906,3.272,population_2
2.2896,5.3747,population_2
1.1372,5.1266,population_2
0.4448,4.0281,population_2
2.3665,3.5575,population_2
1.9519,5.1249,population_2
2.5706,3.0067,population_2
1.5596,4.392,population_2
2.1751,6.2727,population_2
2.4231,4.2054,population_2
1.7763,3.2244,population_2
1.787,4.4104,population_2
2.0126,3.53,population_2
2.2713,2.6059,population_2
1.9928,4.701,population_2
2.487,5.1178,population_2
1.769,3.6891,population_2
1.3358,3.6228,population_2
2.9885,3.0384,population_2
1.6977,3.8501,population_2
1.7158,3.4376,population_2
1.9671,2.989,population_2
2.0336,5.8922,population_2
1.8067,4.4665,population_2
1.9913,4.5724,population_2
1.9801,4.8834,population_2
2.0874,4.771,population_2
0.8213,3.5869,population_2
2.9404,4.2726,population_2
1.9264,3.731,population_2
2.2903,4.4385,population_2
1.3109,4.3417,population_2
1.7645,3.6173,population_2
1.6638,2.6707,population_2
2.7349,4.1462,population_2
1.7071,3.7957,population_2
2.379,2.1096,population_2
1.6748,4.5077,population_2
1.7737,4.9653,population_2
1.8772,6.5284,population_2
2.6419,3.6088,population_2
1.0551,3.4613,population_2
1.3422,2.8906,population_2
1.0263,4.2086,population_2
1.4562,4.2023,population_2
1.5942,3.1887,population_2
1.1928,3.8251,population_2
1.6329,2.0213,population_2
0.9926,4.9264,population_2
1.491,3.2293,population_2
2.6002,3.9653,population_2
2.2018,2.5733,population_2
2.0937,3.4176,population_2
1.4986,3.7204,population_2
1.232,3.9887,population_2
1.4304,4.4797,population_2
1.9784,5.4391,population_2
2.4341,4.7327,population_2
2.4512,4.9622,population_2
2.3153,5.4461,population_2
1.6312,4.5697,population_2
2.0123,3.9633,population_2
1.8393,5.0091,population_2
1.8994,5.073,population_2
3.0186,4.6486,population_2
1.119,2.5454,population_2
1.8827,3.1585,population_2
2.6059,3.7251,population_2
1.2671,4.7796,population_2
1.6781,3.9787,population_2
1.7355,5.1369,population_2
1.8884,5.3152,population_2
1.202,5.1992,population_2
2.2976,5.2055,population_2
2.3331,2.963,population_2
2.2542,4.4826,population_2
1.5648,3.3925,population_2
2.0433,2.3509,population_2
1.5503,3.7125,population_2
1.8337,5.3247,population_2
3.0767,4.4607,population_2
2.0478,6.0178,population_2
1.4062,4.1772,population_2
2.0902,6.4478,population_2
1.3241,4.1775,population_2
1.4005,4.0225,population_2
1.4794,2.7206,population_2
1.7778,5.1106,population_2
2.4685,3.4979,population_2
2.2892,3.353,population_2
2.2615,5.2812,population_2
1.4505,5.1582,population_2
1.7293,5.1321,population_2
2.136,3.6378,population_2
1.6858,3.949,population_2
1.8608,3.9401,population_2
2.2207,4.7825,population_2
1.8256,5.5536,population_2
2.113,4.3681,population_2
2.7964,5.9749,population_2
1.9141,4.8972,population_2
2.5897,3.7652,population_2
2.2797,4.8287,population_2
1.2664,5.7059,population_2
1.4489,5.9983,population_2
1.5832,5.1869,population_2
1.5726,4.0257,population_2
1.9549,3.7833,population_2
2.3073,4.5761,population_2
2.6276,5.674,population_2
2.1541,4.4338,population_2
1.7772,4.4545,population_2
0.9589,4.0514,population_2
2.0353,3.6721,population_2
2.0129,3.8379,population_2
2.0915,4.1354,population_2
3.0531,5.7181,population_2
2.6203,3.7603,population_2
2.3925,4.0526,population_2
1.519,3.1346,population_2
1.7435,4.7166,population_2
1.9526,5.3667,population_2
1.6123,5.6245,population_2
2.2502,4.2034,population_2
2.1785,4.5744,population_2
1.4558,3.8464,population_2
2.5984,4.528,population_2
2.0512,4.314,population_2
1.1355,4.0583,population_2
1.9743,4.1378,population_2
2.1406,4.4519,population_2
2.4864,3.7058,population_2
1.8313,3.7575,population_2
2.414,5.7074,population_2
2.0936,6.7105,population_2
1.3425,2.7956,population_2
1.2924,2.7405,population_2
2.5613,3.0428,population_2
2.598,3.8967,population_2
2.1615,4.8958,population_2
2.7479,4.5913,population_2
2.5283,4.172,population_2
2.3418,4.5289,population_2
1.5443,3.3079,population_2
2.8657,3.7559,population_2
2.2682,3.9799,population_2
1.8071,2.4158,population_2
1.6659,2.8387,population_2
2.1284,2.8784,population_2
1.1645,4.7641,population_2
2.3498,4.2454,population_2
1.5232,4.6111,population_2
2.1853,2.1603,population_2
1.7392,2.5164,population_2
1.8678,4.6632,population_2
1.6215,1.2213,population_2
1.9194,5.2246,population_2
2.9447,2.1767,population_2
2.6925,4.8433,population_2
2.1772,3.1114,population_2
1.9874,5.0489,population_2
2.4221,7.2082,population_2
2.565,1.7268,population_2
1.5851,4.6954,population_2
1.9613,2.1918,population_2
1.089,4.4268,population_2
2.5616,3.7932,population_2
